Generation,Animal count,Bush count,Average energy,Average life span for dead animals,Average number of children per animal
1,9,0,100.0,0.0,0.0
2,10,2,89.1,0.0,0.2
3,11,4,80.0909090909091,0.0,0.36363636363636365
4,12,6,72.5,0.0,0.5
5,12,8,71.5,0.0,0.5
6,12,10,70.5,0.0,0.5
7,12,11,70.33333333333333,0.0,0.5
8,12,13,69.33333333333333,0.0,0.5
9,12,15,68.33333333333333,0.0,0.5
10,12,17,67.33333333333333,0.0,0.5
11,12,19,66.33333333333333,0.0,0.5
12,12,21,65.33333333333333,0.0,0.5
13,12,21,66.0,0.0,0.5
14,12,22,65.0,0.0,0.5
15,12,22,64.83333333333333,0.0,0.5
16,12,23,63.833333333333336,0.0,0.5
17,12,24,62.833333333333336,0.0,0.5
18,12,24,62.666666666666664,0.0,0.5
19,12,25,61.666666666666664,0.0,0.5
20,12,26,61.5,0.0,0.5
21,12,26,62.166666666666664,0.0,0.5
22,12,27,61.166666666666664,0.0,0.5
23,12,28,61.0,0.0,0.5
24,12,29,60.833333333333336,0.0,0.5
25,12,30,60.666666666666664,0.0,0.5
26,12,31,59.666666666666664,0.0,0.5
27,12,32,58.666666666666664,0.0,0.5
28,12,32,58.5,0.0,0.5
29,12,30,60.833333333333336,0.0,0.5
30,12,32,59.833333333333336,0.0,0.5
31,12,34,58.833333333333336,0.0,0.5
32,12,35,58.666666666666664,0.0,0.5
33,12,35,58.5,0.0,0.5
34,12,37,57.5,0.0,0.5
35,12,37,57.333333333333336,0.0,0.5
36,13,38,52.0,0.0,0.6153846153846154
37,13,38,51.76923076923077,0.0,0.6153846153846154
38,13,39,51.53846153846154,0.0,0.6153846153846154
39,13,39,51.30769230769231,0.0,0.6153846153846154
40,13,39,51.07692307692308,0.0,0.6153846153846154
41,12,40,54.333333333333336,37.0,0.6666666666666666
42,12,41,54.166666666666664,37.0,0.6666666666666666
43,12,42,54.0,37.0,0.6666666666666666
44,12,43,53.0,37.0,0.6666666666666666
45,12,43,52.833333333333336,37.0,0.6666666666666666
46,12,43,53.5,37.0,0.6666666666666666
47,10,43,65.2,41.666666666666664,0.2
48,10,43,66.2,41.666666666666664,0.2
49,10,42,67.2,41.666666666666664,0.2
50,10,42,67.2,41.666666666666664,0.2
51,9,42,74.77777777777777,43.5,0.2222222222222222
52,9,43,73.77777777777777,43.5,0.2222222222222222
53,9,43,73.88888888888889,43.5,0.2222222222222222
54,9,43,74.0,43.5,0.2222222222222222
55,10,44,66.7,43.5,0.4
56,10,44,66.7,43.5,0.4
57,10,44,66.7,43.5,0.4
58,10,45,65.7,43.5,0.4
59,10,44,66.7,43.5,0.4
60,10,45,65.7,43.5,0.4
61,11,46,58.81818181818182,43.5,0.5454545454545454
62,12,47,53.0,43.5,0.6666666666666666
63,12,47,52.833333333333336,43.5,0.6666666666666666
64,12,47,52.666666666666664,43.5,0.6666666666666666
65,12,48,52.5,43.5,0.6666666666666666
66,12,48,52.333333333333336,43.5,0.6666666666666666
67,12,49,51.333333333333336,43.5,0.6666666666666666
68,12,48,52.833333333333336,43.5,0.6666666666666666
69,12,49,52.666666666666664,43.5,0.6666666666666666
70,12,50,51.666666666666664,43.5,0.6666666666666666
71,12,51,50.666666666666664,43.5,0.6666666666666666
72,12,51,50.5,43.5,0.6666666666666666
73,12,51,51.166666666666664,43.5,0.6666666666666666
74,12,52,51.0,43.5,0.6666666666666666
75,12,53,50.0,43.5,0.6666666666666666
76,12,52,50.666666666666664,43.5,0.6666666666666666
77,12,52,51.333333333333336,43.5,0.6666666666666666
78,12,52,52.0,43.5,0.6666666666666666
79,12,53,51.0,43.5,0.6666666666666666
80,11,53,55.54545454545455,50.2,0.7272727272727273
81,11,54,54.54545454545455,50.2,0.7272727272727273
82,11,54,55.36363636363637,50.2,0.7272727272727273
83,11,55,54.36363636363637,50.2,0.7272727272727273
84,11,56,53.36363636363637,50.2,0.7272727272727273
85,11,57,52.36363636363637,50.2,0.7272727272727273
86,11,57,52.27272727272727,50.2,0.7272727272727273
87,11,57,52.18181818181818,50.2,0.7272727272727273
88,11,58,51.18181818181818,50.2,0.7272727272727273
89,11,58,52.0,50.2,0.7272727272727273
90,11,59,51.0,50.2,0.7272727272727273
91,11,59,50.90909090909091,50.2,0.7272727272727273
92,11,59,50.81818181818182,50.2,0.7272727272727273
93,11,60,50.72727272727273,50.2,0.7272727272727273
94,11,61,50.63636363636363,50.2,0.7272727272727273
95,11,60,51.45454545454545,50.2,0.7272727272727273
96,10,60,56.6,51.833333333333336,0.8
97,10,60,56.6,51.833333333333336,0.8
98,10,59,57.6,51.833333333333336,0.8
99,9,59,64.11111111111111,49.714285714285715,0.8888888888888888
100,9,60,63.111111111111114,49.714285714285715,0.8888888888888888
101,9,60,63.22222222222222,49.714285714285715,0.8888888888888888
102,8,61,70.125,55.375,0.75
103,8,61,70.375,55.375,0.75
104,8,61,70.625,55.375,0.75
105,8,59,73.375,55.375,0.75
106,8,58,74.875,55.375,0.75
107,8,57,76.375,55.375,0.75
108,8,56,77.875,55.375,0.75
109,8,56,79.375,55.375,0.75
110,8,55,80.875,55.375,0.75
111,8,56,79.875,55.375,0.75
112,8,56,80.125,55.375,0.75
113,8,57,79.125,55.375,0.75
114,8,57,79.375,55.375,0.75
115,8,58,78.375,55.375,0.75
116,8,58,78.625,55.375,0.75
117,9,58,70.11111111111111,55.375,0.8888888888888888
118,9,59,69.11111111111111,55.375,0.8888888888888888
119,9,59,69.22222222222223,55.375,0.8888888888888888
120,9,60,68.22222222222223,55.375,0.8888888888888888
121,10,59,62.5,55.375,1.0
122,11,58,57.72727272727273,55.375,1.0909090909090908
123,12,58,52.833333333333336,55.375,1.1666666666666667
124,13,59,48.61538461538461,55.375,1.2307692307692308
125,13,59,48.38461538461539,55.375,1.2307692307692308
126,13,59,48.15384615384615,55.375,1.2307692307692308
127,13,60,47.15384615384615,55.375,1.2307692307692308
128,13,58,48.46153846153846,55.375,1.2307692307692308
129,13,58,48.23076923076923,55.375,1.2307692307692308
130,13,57,49.53846153846154,55.375,1.2307692307692308
131,13,56,50.07692307692308,55.375,1.2307692307692308
132,13,55,50.61538461538461,55.375,1.2307692307692308
133,13,55,51.15384615384615,55.375,1.2307692307692308
134,13,57,50.15384615384615,55.375,1.2307692307692308
135,13,57,49.92307692307692,55.375,1.2307692307692308
136,13,56,50.46153846153846,55.375,1.2307692307692308
137,13,57,49.46153846153846,55.375,1.2307692307692308
138,13,58,49.23076923076923,55.375,1.2307692307692308
139,13,57,50.53846153846154,55.375,1.2307692307692308
140,13,57,51.07692307692308,55.375,1.2307692307692308
141,13,57,50.84615384615385,55.375,1.2307692307692308
142,13,57,50.61538461538461,55.375,1.2307692307692308
143,13,56,51.15384615384615,55.375,1.2307692307692308
144,13,56,50.92307692307692,55.375,1.2307692307692308
145,13,56,50.69230769230769,55.375,1.2307692307692308
146,13,55,52.0,55.375,1.1538461538461537
147,13,56,51.76923076923077,55.375,1.1538461538461537
148,13,55,52.30769230769231,55.375,1.1538461538461537
149,13,54,52.84615384615385,55.375,1.1538461538461537
150,13,55,51.84615384615385,55.375,1.1538461538461537
151,13,53,53.15384615384615,55.375,1.1538461538461537
152,13,51,54.46153846153846,55.375,1.1538461538461537
153,13,52,53.46153846153846,55.375,1.1538461538461537
154,13,51,54.76923076923077,55.375,1.1538461538461537
155,13,52,53.76923076923077,55.375,1.1538461538461537
156,13,53,52.76923076923077,55.375,1.1538461538461537
157,13,52,53.30769230769231,55.375,1.1538461538461537
158,13,52,53.07692307692308,55.375,1.1538461538461537
159,13,52,52.84615384615385,55.375,1.1538461538461537
160,14,52,49.57142857142857,55.375,1.2142857142857142
161,14,53,49.285714285714285,55.375,1.2142857142857142
162,14,53,49.714285714285715,55.375,1.2142857142857142
163,14,52,50.142857142857146,55.375,1.2142857142857142
164,14,51,51.285714285714285,55.375,1.2142857142857142
165,14,53,50.285714285714285,55.375,1.2142857142857142
166,14,54,50.0,55.375,1.2142857142857142
167,14,56,49.0,55.375,1.2142857142857142
168,14,55,50.142857142857146,55.375,1.2142857142857142
169,14,55,50.57142857142857,55.375,1.2142857142857142
170,14,56,50.285714285714285,55.375,1.2142857142857142
171,14,58,49.285714285714285,55.375,1.2142857142857142
172,14,59,48.285714285714285,55.375,1.2142857142857142
173,14,59,48.0,55.375,1.2142857142857142
174,14,58,48.42857142857143,55.375,1.2142857142857142
175,15,58,45.6,55.375,1.2666666666666666
176,15,56,47.266666666666666,55.375,1.2666666666666666
177,15,55,48.266666666666666,55.375,1.2666666666666666
178,16,55,45.5625,55.375,1.3125
179,16,54,46.4375,55.375,1.3125
180,16,55,46.0625,55.375,1.3125
181,16,55,46.3125,55.375,1.3125
182,16,55,45.9375,55.375,1.3125
183,16,55,45.5625,55.375,1.3125
184,16,54,45.8125,55.375,1.3125
185,15,54,49.2,56.333333333333336,1.4
186,15,53,49.53333333333333,56.333333333333336,1.4
187,15,53,49.86666666666667,56.333333333333336,1.4
188,15,55,48.86666666666667,56.333333333333336,1.4
189,15,54,49.2,56.333333333333336,1.4
190,15,54,49.53333333333333,56.333333333333336,1.4
191,15,53,50.53333333333333,56.333333333333336,1.4
192,15,52,51.53333333333333,56.333333333333336,1.4
193,15,52,51.86666666666667,56.333333333333336,1.4
194,15,51,52.86666666666667,56.333333333333336,1.4
195,15,52,52.53333333333333,56.333333333333336,1.4
196,15,52,52.86666666666667,56.333333333333336,1.4
197,15,52,52.53333333333333,56.333333333333336,1.4
198,15,50,53.53333333333333,56.333333333333336,1.4
199,15,51,52.53333333333333,56.333333333333336,1.4
200,15,49,53.53333333333333,56.333333333333336,1.4
201,15,49,53.86666666666667,56.333333333333336,1.4
202,15,47,54.86666666666667,56.333333333333336,1.4
203,15,45,55.86666666666667,56.333333333333336,1.4
204,16,46,51.4375,56.333333333333336,1.4375
205,16,46,51.6875,56.333333333333336,1.4375
206,17,43,50.64705882352941,56.333333333333336,1.4705882352941178
207,17,41,51.411764705882355,56.333333333333336,1.4705882352941178
208,17,40,52.1764705882353,56.333333333333336,1.4705882352941178
209,17,40,52.35294117647059,56.333333333333336,1.4705882352941178
210,17,40,51.94117647058823,56.333333333333336,1.4705882352941178
211,17,38,52.705882352941174,56.333333333333336,1.4705882352941178
212,17,38,52.294117647058826,56.333333333333336,1.4705882352941178
213,17,37,52.470588235294116,56.333333333333336,1.4705882352941178
214,17,36,53.23529411764706,56.333333333333336,1.4705882352941178
215,17,35,54.0,56.333333333333336,1.4705882352941178
216,17,35,53.588235294117645,56.333333333333336,1.4705882352941178
217,17,36,53.1764705882353,56.333333333333336,1.4705882352941178
218,17,35,53.94117647058823,56.333333333333336,1.4705882352941178
219,17,37,52.94117647058823,56.333333333333336,1.4705882352941178
220,17,36,53.705882352941174,56.333333333333336,1.4705882352941178
221,17,37,53.294117647058826,56.333333333333336,1.4705882352941178
222,17,39,52.294117647058826,56.333333333333336,1.4705882352941178
223,17,40,51.294117647058826,56.333333333333336,1.4705882352941178
224,17,37,52.64705882352941,56.333333333333336,1.4705882352941178
225,16,37,55.5625,60.8,1.5
226,16,37,55.1875,60.8,1.5
227,16,36,56.0625,60.8,1.5
228,16,35,56.3125,60.8,1.5
229,16,35,55.9375,60.8,1.5
230,16,36,54.9375,60.8,1.5
231,16,36,54.5625,60.8,1.5
232,17,36,51.588235294117645,60.8,1.5294117647058822
233,17,35,52.35294117647059,60.8,1.5294117647058822
234,17,36,51.35294117647059,60.8,1.5294117647058822
235,17,35,52.11764705882353,60.8,1.5294117647058822
236,17,36,51.11764705882353,60.8,1.5294117647058822
237,17,35,51.88235294117647,60.8,1.5294117647058822
238,17,34,52.05882352941177,60.8,1.5294117647058822
239,17,35,51.05882352941177,60.8,1.5294117647058822
240,17,35,51.23529411764706,60.8,1.5294117647058822
241,17,34,52.0,60.8,1.5294117647058822
242,17,35,51.588235294117645,60.8,1.5294117647058822
243,17,34,51.76470588235294,60.8,1.5294117647058822
244,18,33,49.611111111111114,60.8,1.5555555555555556
245,19,34,46.578947368421055,60.8,1.5789473684210527
246,20,36,43.3,60.8,1.6
247,20,35,43.3,60.8,1.6
248,21,34,41.714285714285715,60.8,1.619047619047619
249,21,35,41.19047619047619,60.8,1.619047619047619
250,21,34,41.61904761904762,60.8,1.619047619047619
251,21,36,40.61904761904762,60.8,1.619047619047619
252,21,35,41.04761904761905,60.8,1.619047619047619
253,20,36,42.6,77.36363636363636,1.6
254,20,35,42.6,77.36363636363636,1.6
255,20,33,43.6,77.36363636363636,1.6
256,20,33,43.1,77.36363636363636,1.6
257,20,34,42.6,77.36363636363636,1.6
258,20,35,41.6,77.36363636363636,1.6
259,20,34,41.6,77.36363636363636,1.6
260,20,34,41.6,77.36363636363636,1.6
261,20,36,40.6,77.36363636363636,1.6
262,20,35,41.1,77.36363636363636,1.6
263,20,34,41.6,77.36363636363636,1.6
264,20,32,42.6,77.36363636363636,1.6
265,20,33,42.1,77.36363636363636,1.6
266,19,32,44.36842105263158,78.5,1.6842105263157894
267,19,33,43.89473684210526,78.5,1.6842105263157894
268,19,33,43.94736842105263,78.5,1.6842105263157894
269,19,32,44.526315789473685,78.5,1.6842105263157894
270,19,33,44.05263157894737,78.5,1.6842105263157894
271,19,34,43.05263157894737,78.5,1.6842105263157894
272,19,34,43.10526315789474,78.5,1.6842105263157894
273,19,34,43.1578947368421,78.5,1.6842105263157894
274,19,34,43.21052631578947,78.5,1.6842105263157894
275,20,34,41.1,78.5,1.7
276,20,34,41.1,78.5,1.7
277,20,34,41.1,78.5,1.7
278,20,35,40.6,78.5,1.7
279,21,36,38.19047619047619,78.5,1.7142857142857142
280,21,35,38.61904761904762,78.5,1.7142857142857142
281,21,37,37.61904761904762,78.5,1.7142857142857142
282,22,37,35.86363636363637,78.5,1.7272727272727273
283,20,37,39.45,103.14285714285714,1.6
284,20,37,39.45,103.14285714285714,1.6
285,20,37,39.45,103.14285714285714,1.6
286,20,37,38.95,103.14285714285714,1.6
287,20,37,38.95,103.14285714285714,1.6
288,20,37,38.45,103.14285714285714,1.6
289,20,35,39.45,103.14285714285714,1.6
290,20,36,38.45,103.14285714285714,1.6
291,20,37,37.95,103.14285714285714,1.6
292,20,34,39.45,103.14285714285714,1.6
293,20,33,39.95,103.14285714285714,1.6
294,19,34,41.578947368421055,99.6,1.6842105263157894
295,19,32,42.1578947368421,99.6,1.6842105263157894
296,19,32,41.68421052631579,99.6,1.6842105263157894
297,19,32,41.21052631578947,99.6,1.6842105263157894
298,19,34,40.21052631578947,99.6,1.6842105263157894
299,19,33,40.78947368421053,99.6,1.6842105263157894
300,19,32,40.8421052631579,99.6,1.6842105263157894
301,19,32,40.36842105263158,99.6,1.6842105263157894
302,19,32,40.421052631578945,99.6,1.6842105263157894
303,18,32,42.77777777777778,96.9375,1.7777777777777777
304,18,32,42.888888888888886,96.9375,1.7777777777777777
305,18,32,43.0,96.9375,1.7777777777777777
306,18,33,42.55555555555556,96.9375,1.7777777777777777
307,18,34,42.111111111111114,96.9375,1.7777777777777777
308,18,33,42.77777777777778,96.9375,1.7777777777777777
309,18,31,44.0,96.9375,1.7777777777777777
310,18,30,44.666666666666664,96.9375,1.7777777777777777
311,18,31,44.22222222222222,96.9375,1.7777777777777777
312,18,33,43.22222222222222,96.9375,1.7777777777777777
313,18,34,42.22222222222222,96.9375,1.7777777777777777
314,18,33,42.333333333333336,96.9375,1.7777777777777777
315,18,34,41.888888888888886,96.9375,1.7777777777777777
316,18,33,42.55555555555556,96.9375,1.7777777777777777
317,18,34,42.111111111111114,96.9375,1.7777777777777777
318,18,36,41.111111111111114,96.9375,1.7777777777777777
319,18,36,40.666666666666664,96.9375,1.7777777777777777
320,18,34,41.333333333333336,96.9375,1.7777777777777777
321,18,31,42.55555555555556,96.9375,1.7777777777777777
322,18,31,42.111111111111114,96.9375,1.7777777777777777
323,18,33,41.111111111111114,96.9375,1.7777777777777777
324,18,34,40.666666666666664,96.9375,1.7777777777777777
325,18,33,40.77777777777778,96.9375,1.7777777777777777
326,17,34,42.76470588235294,103.52941176470588,1.6470588235294117
327,17,35,41.76470588235294,103.52941176470588,1.6470588235294117
328,17,35,41.94117647058823,103.52941176470588,1.6470588235294117
329,17,35,42.11764705882353,103.52941176470588,1.6470588235294117
330,17,36,41.705882352941174,103.52941176470588,1.6470588235294117
331,17,36,41.294117647058826,103.52941176470588,1.6470588235294117
332,17,36,41.470588235294116,103.52941176470588,1.6470588235294117
333,17,36,41.64705882352941,103.52941176470588,1.6470588235294117
334,17,37,40.64705882352941,103.52941176470588,1.6470588235294117
335,17,37,40.23529411764706,103.52941176470588,1.6470588235294117
336,16,38,42.375,116.0,1.4375
337,16,39,41.375,116.0,1.4375
338,16,38,41.625,116.0,1.4375
339,16,39,40.625,116.0,1.4375
340,16,40,39.625,116.0,1.4375
341,16,41,38.625,116.0,1.4375
342,14,40,44.57142857142857,118.75,1.5714285714285714
343,14,40,44.285714285714285,118.75,1.5714285714285714
344,14,38,45.42857142857143,118.75,1.5714285714285714
345,14,39,45.142857142857146,118.75,1.5714285714285714
346,14,38,45.57142857142857,118.75,1.5714285714285714
347,14,39,44.57142857142857,118.75,1.5714285714285714
348,14,39,45.0,118.75,1.5714285714285714
349,14,39,45.42857142857143,118.75,1.5714285714285714
350,14,38,46.57142857142857,118.75,1.5714285714285714
351,14,39,45.57142857142857,118.75,1.5714285714285714
352,14,40,45.285714285714285,118.75,1.5714285714285714
353,14,39,45.714285714285715,118.75,1.5714285714285714
354,14,38,46.857142857142854,118.75,1.5714285714285714
355,14,38,46.57142857142857,118.75,1.5714285714285714
356,14,39,45.57142857142857,118.75,1.5714285714285714
357,14,38,46.714285714285715,118.75,1.5714285714285714
358,14,39,46.42857142857143,118.75,1.5714285714285714
359,14,38,47.57142857142857,118.75,1.5714285714285714
360,14,39,47.285714285714285,118.75,1.5714285714285714
361,14,40,47.0,118.75,1.5714285714285714
362,14,40,46.714285714285715,118.75,1.5714285714285714
363,14,40,47.142857142857146,118.75,1.5714285714285714
364,14,40,46.857142857142854,118.75,1.5714285714285714
365,14,40,46.57142857142857,118.75,1.5714285714285714
366,14,38,47.714285714285715,118.75,1.5714285714285714
367,14,39,46.714285714285715,118.75,1.5714285714285714
368,14,38,47.142857142857146,118.75,1.5714285714285714
369,14,39,46.142857142857146,118.75,1.5714285714285714
370,14,38,46.57142857142857,118.75,1.5714285714285714
371,14,37,47.714285714285715,118.75,1.5714285714285714
372,13,38,51.15384615384615,117.38095238095238,1.6923076923076923
373,13,39,50.92307692307692,117.38095238095238,1.6923076923076923
374,13,41,49.92307692307692,117.38095238095238,1.6923076923076923
375,12,40,54.75,117.95454545454545,1.8333333333333333
376,12,38,56.25,117.95454545454545,1.8333333333333333
377,12,38,56.083333333333336,117.95454545454545,1.8333333333333333
378,12,37,57.583333333333336,117.95454545454545,1.8333333333333333
379,12,38,57.416666666666664,117.95454545454545,1.8333333333333333
380,12,37,58.083333333333336,117.95454545454545,1.8333333333333333
381,12,35,60.416666666666664,117.95454545454545,1.8333333333333333
382,12,35,61.083333333333336,117.95454545454545,1.8333333333333333
383,12,36,60.083333333333336,117.95454545454545,1.8333333333333333
384,12,35,60.75,117.95454545454545,1.8333333333333333
385,12,35,60.583333333333336,117.95454545454545,1.8333333333333333
386,12,36,60.416666666666664,117.95454545454545,1.8333333333333333
387,12,37,59.416666666666664,117.95454545454545,1.8333333333333333
388,13,38,53.92307692307692,117.95454545454545,1.8461538461538463
389,14,38,49.857142857142854,117.95454545454545,1.8571428571428572
390,15,39,46.266666666666666,117.95454545454545,1.8666666666666667
391,15,40,45.266666666666666,117.95454545454545,1.8666666666666667
392,15,39,46.266666666666666,117.95454545454545,1.8666666666666667
393,15,39,46.6,117.95454545454545,1.8666666666666667
394,15,39,46.266666666666666,117.95454545454545,1.8666666666666667
395,15,38,46.6,117.95454545454545,1.8666666666666667
396,15,40,45.6,117.95454545454545,1.8666666666666667
397,15,39,45.93333333333333,117.95454545454545,1.8666666666666667
398,15,38,46.266666666666666,117.95454545454545,1.8666666666666667
399,15,38,45.93333333333333,117.95454545454545,1.8666666666666667
400,15,38,45.6,117.95454545454545,1.8666666666666667
401,15,37,46.6,117.95454545454545,1.8666666666666667
402,15,35,48.266666666666666,117.95454545454545,1.8666666666666667
403,15,37,47.266666666666666,117.95454545454545,1.8666666666666667
404,15,38,46.93333333333333,117.95454545454545,1.8666666666666667
405,15,37,47.93333333333333,117.95454545454545,1.8666666666666667
406,15,39,46.93333333333333,117.95454545454545,1.8666666666666667
407,16,40,43.6875,117.95454545454545,1.875
408,16,37,45.8125,117.95454545454545,1.875
409,16,37,45.4375,117.95454545454545,1.875
410,16,38,44.4375,117.95454545454545,1.875
411,16,36,45.3125,117.95454545454545,1.875
412,16,35,45.5625,117.95454545454545,1.875
413,16,36,45.1875,117.95454545454545,1.875
414,16,38,44.1875,117.95454545454545,1.875
415,17,37,41.8235294117647,117.95454545454545,1.8823529411764706
416,17,38,40.8235294117647,117.95454545454545,1.8823529411764706
417,17,38,41.0,117.95454545454545,1.8823529411764706
418,18,37,39.44444444444444,117.95454545454545,1.8888888888888888
419,18,37,39.0,117.95454545454545,1.8888888888888888
420,18,37,38.55555555555556,117.95454545454545,1.8888888888888888
421,18,37,38.111111111111114,117.95454545454545,1.8888888888888888
422,18,37,38.22222222222222,117.95454545454545,1.8888888888888888
423,18,37,38.333333333333336,117.95454545454545,1.8888888888888888
424,18,39,37.333333333333336,117.95454545454545,1.8888888888888888
425,18,38,38.0,117.95454545454545,1.8888888888888888
426,18,39,37.55555555555556,117.95454545454545,1.8888888888888888
427,18,35,39.888888888888886,117.95454545454545,1.8888888888888888
428,17,35,42.411764705882355,120.65217391304348,2.0
429,17,35,42.588235294117645,120.65217391304348,2.0
430,18,37,39.27777777777778,120.65217391304348,2.0
431,18,38,38.833333333333336,120.65217391304348,2.0
432,18,38,38.94444444444444,120.65217391304348,2.0
433,18,38,39.05555555555556,120.65217391304348,2.0
434,18,37,39.166666666666664,120.65217391304348,2.0
435,18,38,38.72222222222222,120.65217391304348,2.0
436,18,38,38.27777777777778,120.65217391304348,2.0
437,18,38,37.833333333333336,120.65217391304348,2.0
438,18,39,37.388888888888886,120.65217391304348,2.0
439,18,40,36.94444444444444,120.65217391304348,2.0
440,18,41,36.5,120.65217391304348,2.0
441,17,42,38.23529411764706,117.79166666666667,2.0588235294117645
442,17,42,37.8235294117647,117.79166666666667,2.0588235294117645
443,17,42,37.411764705882355,117.79166666666667,2.0588235294117645
444,17,42,37.0,117.79166666666667,2.0588235294117645
445,17,42,37.1764705882353,117.79166666666667,2.0588235294117645
446,17,39,38.529411764705884,117.79166666666667,2.0588235294117645
447,17,40,38.11764705882353,117.79166666666667,2.0588235294117645
448,17,41,37.11764705882353,117.79166666666667,2.0588235294117645
449,17,43,36.11764705882353,117.79166666666667,2.0588235294117645
450,17,40,37.470588235294116,117.79166666666667,2.0588235294117645
451,17,41,37.05882352941177,117.79166666666667,2.0588235294117645
452,17,41,36.64705882352941,117.79166666666667,2.0588235294117645
453,17,42,35.64705882352941,117.79166666666667,2.0588235294117645
454,17,39,37.588235294117645,117.79166666666667,2.0588235294117645
455,17,40,37.1764705882353,117.79166666666667,2.0588235294117645
456,16,41,39.125,131.16,2.0
457,16,41,39.375,131.16,2.0
458,16,42,38.375,131.16,2.0
459,16,43,38.0,131.16,2.0
460,16,45,37.0,131.16,2.0
461,16,45,37.25,131.16,2.0
462,16,44,38.125,131.16,2.0
463,16,45,37.75,131.16,2.0
464,16,46,36.75,131.16,2.0
465,16,45,37.0,131.16,2.0
466,16,44,37.875,131.16,2.0
467,16,42,38.75,131.16,2.0
468,15,42,41.0,137.26923076923077,1.8
469,15,42,41.333333333333336,137.26923076923077,1.8
470,15,41,42.333333333333336,137.26923076923077,1.8
471,15,43,41.333333333333336,137.26923076923077,1.8
472,15,43,41.0,137.26923076923077,1.8
473,15,43,41.333333333333336,137.26923076923077,1.8
474,15,44,41.0,137.26923076923077,1.8
475,15,44,40.666666666666664,137.26923076923077,1.8
476,15,45,39.666666666666664,137.26923076923077,1.8
477,15,46,38.666666666666664,137.26923076923077,1.8
478,16,46,35.9375,137.26923076923077,1.8125
479,16,47,34.9375,137.26923076923077,1.8125
480,16,45,35.8125,137.26923076923077,1.8125
481,16,47,34.8125,137.26923076923077,1.8125
482,16,47,35.0625,137.26923076923077,1.8125
483,16,46,35.3125,137.26923076923077,1.8125
484,16,44,36.1875,137.26923076923077,1.8125
485,16,44,35.8125,137.26923076923077,1.8125
486,16,44,35.4375,137.26923076923077,1.8125
487,16,44,35.0625,137.26923076923077,1.8125
488,16,45,34.0625,137.26923076923077,1.8125
489,16,44,34.3125,137.26923076923077,1.8125
490,16,42,35.1875,137.26923076923077,1.8125
491,16,42,34.8125,137.26923076923077,1.8125
492,16,43,33.8125,137.26923076923077,1.8125
493,16,43,33.4375,137.26923076923077,1.8125
494,16,43,33.0625,137.26923076923077,1.8125
495,16,42,33.3125,137.26923076923077,1.8125
496,16,42,33.5625,137.26923076923077,1.8125
497,15,42,36.13333333333333,135.22222222222223,1.9333333333333333
498,15,42,35.8,135.22222222222223,1.9333333333333333
499,15,42,36.13333333333333,135.22222222222223,1.9333333333333333
500,15,43,35.13333333333333,135.22222222222223,1.9333333333333333
501,15,43,34.8,135.22222222222223,1.9333333333333333
502,15,43,34.46666666666667,135.22222222222223,1.9333333333333333
503,15,43,34.13333333333333,135.22222222222223,1.9333333333333333
504,15,42,35.13333333333333,135.22222222222223,1.9333333333333333
505,15,44,34.13333333333333,135.22222222222223,1.9333333333333333
506,15,43,34.46666666666667,135.22222222222223,1.9333333333333333
507,15,43,34.13333333333333,135.22222222222223,1.9333333333333333
508,15,42,35.13333333333333,135.22222222222223,1.9333333333333333
509,15,40,36.13333333333333,135.22222222222223,1.9333333333333333
510,15,39,37.13333333333333,135.22222222222223,1.9333333333333333
511,15,40,36.8,135.22222222222223,1.9333333333333333
512,15,41,36.46666666666667,135.22222222222223,1.9333333333333333
513,15,42,36.13333333333333,135.22222222222223,1.9333333333333333
514,16,44,32.9375,135.22222222222223,1.9375
515,16,42,33.8125,135.22222222222223,1.9375
516,16,42,33.4375,135.22222222222223,1.9375
517,17,44,30.529411764705884,135.22222222222223,1.9411764705882353
518,17,42,31.294117647058822,135.22222222222223,1.9411764705882353
519,16,40,34.125,141.57142857142858,2.0625
520,16,40,34.375,141.57142857142858,2.0625
521,15,41,36.333333333333336,154.44827586206895,1.7333333333333334
522,15,42,36.0,154.44827586206895,1.7333333333333334
523,15,43,35.666666666666664,154.44827586206895,1.7333333333333334
524,15,42,36.666666666666664,154.44827586206895,1.7333333333333334
525,15,44,35.666666666666664,154.44827586206895,1.7333333333333334
526,15,45,35.333333333333336,154.44827586206895,1.7333333333333334
527,15,46,35.0,154.44827586206895,1.7333333333333334
528,15,48,34.0,154.44827586206895,1.7333333333333334
529,15,48,34.333333333333336,154.44827586206895,1.7333333333333334
530,15,46,35.333333333333336,154.44827586206895,1.7333333333333334
531,15,47,35.0,154.44827586206895,1.7333333333333334
532,15,47,35.333333333333336,154.44827586206895,1.7333333333333334
533,15,45,36.333333333333336,154.44827586206895,1.7333333333333334
534,15,46,36.0,154.44827586206895,1.7333333333333334
535,15,45,37.0,154.44827586206895,1.7333333333333334
536,15,45,37.333333333333336,154.44827586206895,1.7333333333333334
537,15,46,37.0,154.44827586206895,1.7333333333333334
538,15,46,36.666666666666664,154.44827586206895,1.7333333333333334
539,16,44,35.9375,154.44827586206895,1.75
540,16,42,36.8125,154.44827586206895,1.75
541,16,40,37.6875,154.44827586206895,1.75
542,16,40,37.3125,154.44827586206895,1.75
543,16,41,36.9375,154.44827586206895,1.75
544,16,42,36.5625,154.44827586206895,1.75
545,16,39,38.6875,154.44827586206895,1.75
546,16,40,38.3125,154.44827586206895,1.75
547,16,41,37.9375,154.44827586206895,1.75
548,16,41,38.1875,154.44827586206895,1.75
549,16,43,37.1875,154.44827586206895,1.75
550,16,44,36.8125,154.44827586206895,1.75
551,16,44,37.0625,154.44827586206895,1.75
552,16,45,36.6875,154.44827586206895,1.75
553,16,44,36.9375,154.44827586206895,1.75
554,16,42,37.8125,154.44827586206895,1.75
555,15,41,41.333333333333336,151.86666666666667,1.8666666666666667
556,15,40,42.333333333333336,151.86666666666667,1.8666666666666667
557,15,39,42.666666666666664,151.86666666666667,1.8666666666666667
558,15,40,42.333333333333336,151.86666666666667,1.8666666666666667
559,15,41,42.0,151.86666666666667,1.8666666666666667
560,15,43,41.0,151.86666666666667,1.8666666666666667
561,15,43,41.333333333333336,151.86666666666667,1.8666666666666667
562,15,42,42.333333333333336,151.86666666666667,1.8666666666666667
563,15,40,44.0,151.86666666666667,1.8666666666666667
564,15,40,44.333333333333336,151.86666666666667,1.8666666666666667
565,15,40,44.0,151.86666666666667,1.8666666666666667
566,15,41,43.666666666666664,151.86666666666667,1.8666666666666667
567,16,43,40.0,151.86666666666667,1.875
568,16,43,40.25,151.86666666666667,1.875
569,16,42,40.5,151.86666666666667,1.875
570,16,42,40.75,151.86666666666667,1.875
571,16,42,40.375,151.86666666666667,1.875
572,16,42,40.0,151.86666666666667,1.875
573,15,42,42.333333333333336,152.8709677419355,2.0
574,15,43,41.333333333333336,152.8709677419355,2.0
575,15,42,41.666666666666664,152.8709677419355,2.0
576,15,42,41.333333333333336,152.8709677419355,2.0
577,15,40,42.333333333333336,152.8709677419355,2.0
578,15,40,42.0,152.8709677419355,2.0
579,15,39,42.333333333333336,152.8709677419355,2.0
580,15,40,41.333333333333336,152.8709677419355,2.0
581,15,40,41.0,152.8709677419355,2.0
582,15,36,43.333333333333336,152.8709677419355,2.0
583,15,38,42.333333333333336,152.8709677419355,2.0
584,15,39,41.333333333333336,152.8709677419355,2.0
585,15,38,41.666666666666664,152.8709677419355,2.0
586,15,38,41.333333333333336,152.8709677419355,2.0
587,15,37,42.333333333333336,152.8709677419355,2.0
588,15,37,42.666666666666664,152.8709677419355,2.0
589,14,38,45.42857142857143,149.65625,2.142857142857143
590,15,39,41.46666666666667,149.65625,2.1333333333333333
591,15,39,41.8,149.65625,2.1333333333333333
592,16,39,39.5,149.65625,2.125
593,16,38,40.375,149.65625,2.125
594,16,39,39.375,149.65625,2.125
595,16,40,39.0,149.65625,2.125
596,16,41,38.0,149.65625,2.125
597,16,42,37.0,149.65625,2.125
598,16,43,36.0,149.65625,2.125
599,16,43,35.625,149.65625,2.125
600,16,43,35.875,149.65625,2.125
601,16,41,36.75,149.65625,2.125
602,16,40,37.0,149.65625,2.125
603,16,40,37.25,149.65625,2.125
604,16,41,36.875,149.65625,2.125
605,16,42,36.5,149.65625,2.125
606,16,41,36.75,149.65625,2.125
607,16,41,36.375,149.65625,2.125
608,16,38,37.875,149.65625,2.125
609,15,38,40.06666666666667,158.72727272727272,2.066666666666667
610,15,40,39.06666666666667,158.72727272727272,2.066666666666667
611,15,39,39.4,158.72727272727272,2.066666666666667
612,15,40,38.4,158.72727272727272,2.066666666666667
613,15,38,39.4,158.72727272727272,2.066666666666667
614,15,39,38.4,158.72727272727272,2.066666666666667
615,15,40,38.06666666666667,158.72727272727272,2.066666666666667
616,15,40,37.733333333333334,158.72727272727272,2.066666666666667
617,15,39,38.06666666666667,158.72727272727272,2.066666666666667
618,15,39,37.733333333333334,158.72727272727272,2.066666666666667
619,15,39,38.06666666666667,158.72727272727272,2.066666666666667
620,14,39,40.5,160.88235294117646,2.142857142857143
621,14,39,40.92857142857143,160.88235294117646,2.142857142857143
622,14,38,41.357142857142854,160.88235294117646,2.142857142857143
623,14,36,42.5,160.88235294117646,2.142857142857143
624,14,36,42.214285714285715,160.88235294117646,2.142857142857143
625,14,35,42.642857142857146,160.88235294117646,2.142857142857143
626,13,35,45.69230769230769,170.65714285714284,2.076923076923077
627,13,34,46.23076923076923,170.65714285714284,2.076923076923077
628,13,35,45.23076923076923,170.65714285714284,2.076923076923077
629,13,34,45.76923076923077,170.65714285714284,2.076923076923077
630,13,32,47.07692307692308,170.65714285714284,2.076923076923077
631,13,32,47.61538461538461,170.65714285714284,2.076923076923077
632,13,30,48.92307692307692,170.65714285714284,2.076923076923077
633,13,31,47.92307692307692,170.65714285714284,2.076923076923077
634,13,32,47.69230769230769,170.65714285714284,2.076923076923077
635,13,33,46.69230769230769,170.65714285714284,2.076923076923077
636,13,33,46.46153846153846,170.65714285714284,2.076923076923077
637,13,31,47.76923076923077,170.65714285714284,2.076923076923077
638,13,32,46.76923076923077,170.65714285714284,2.076923076923077
639,13,33,46.53846153846154,170.65714285714284,2.076923076923077
640,13,32,47.07692307692308,170.65714285714284,2.076923076923077
641,13,32,46.84615384615385,170.65714285714284,2.076923076923077
642,13,33,46.61538461538461,170.65714285714284,2.076923076923077
643,13,34,46.38461538461539,170.65714285714284,2.076923076923077
644,13,34,46.15384615384615,170.65714285714284,2.076923076923077
645,13,34,45.92307692307692,170.65714285714284,2.076923076923077
646,13,34,46.46153846153846,170.65714285714284,2.076923076923077
647,13,33,47.0,170.65714285714284,2.076923076923077
648,13,33,47.53846153846154,170.65714285714284,2.076923076923077
649,13,34,47.30769230769231,170.65714285714284,2.076923076923077
650,13,36,46.30769230769231,170.65714285714284,2.076923076923077
651,13,37,45.30769230769231,170.65714285714284,2.076923076923077
652,11,36,54.36363636363637,169.67567567567568,2.4545454545454546
653,11,36,54.27272727272727,169.67567567567568,2.4545454545454546
654,11,36,54.18181818181818,169.67567567567568,2.4545454545454546
655,11,38,53.18181818181818,169.67567567567568,2.4545454545454546
656,11,38,53.09090909090909,169.67567567567568,2.4545454545454546
657,11,40,52.18181818181818,168.89473684210526,2.6363636363636362
658,12,39,48.583333333333336,168.89473684210526,2.5833333333333335
659,13,36,47.0,168.89473684210526,2.5384615384615383
660,13,37,46.76923076923077,168.89473684210526,2.5384615384615383
661,13,39,45.76923076923077,168.89473684210526,2.5384615384615383
662,13,38,47.07692307692308,168.89473684210526,2.5384615384615383
663,13,39,46.84615384615385,168.89473684210526,2.5384615384615383
664,13,41,45.84615384615385,168.89473684210526,2.5384615384615383
665,13,41,45.61538461538461,168.89473684210526,2.5384615384615383
666,13,40,46.15384615384615,168.89473684210526,2.5384615384615383
667,13,41,45.92307692307692,168.89473684210526,2.5384615384615383
668,13,38,48.76923076923077,168.89473684210526,2.5384615384615383
669,13,39,47.76923076923077,168.89473684210526,2.5384615384615383
670,13,39,48.30769230769231,168.89473684210526,2.5384615384615383
671,13,39,48.07692307692308,168.89473684210526,2.5384615384615383
672,13,39,47.84615384615385,168.89473684210526,2.5384615384615383
673,13,40,47.61538461538461,168.89473684210526,2.5384615384615383
674,13,41,46.61538461538461,168.89473684210526,2.5384615384615383
675,13,40,47.92307692307692,168.89473684210526,2.5384615384615383
676,13,40,47.69230769230769,168.89473684210526,2.5384615384615383
677,13,41,47.46153846153846,168.89473684210526,2.5384615384615383
678,13,40,48.76923076923077,168.89473684210526,2.5384615384615383
679,13,40,48.53846153846154,168.89473684210526,2.5384615384615383
680,13,41,47.53846153846154,168.89473684210526,2.5384615384615383
681,13,40,48.07692307692308,168.89473684210526,2.5384615384615383
682,13,40,47.84615384615385,168.89473684210526,2.5384615384615383
683,13,40,47.61538461538461,168.89473684210526,2.5384615384615383
684,13,40,48.15384615384615,168.89473684210526,2.5384615384615383
685,13,42,47.15384615384615,168.89473684210526,2.5384615384615383
686,13,42,46.92307692307692,168.89473684210526,2.5384615384615383
687,13,41,48.23076923076923,168.89473684210526,2.5384615384615383
688,13,40,49.53846153846154,168.89473684210526,2.5384615384615383
689,13,42,48.53846153846154,168.89473684210526,2.5384615384615383
690,13,42,49.07692307692308,168.89473684210526,2.5384615384615383
691,13,44,48.07692307692308,168.89473684210526,2.5384615384615383
692,13,45,47.07692307692308,168.89473684210526,2.5384615384615383
693,12,44,51.666666666666664,175.17948717948718,2.5833333333333335
694,12,44,52.333333333333336,175.17948717948718,2.5833333333333335
695,13,45,47.38461538461539,175.17948717948718,2.5384615384615383
696,13,45,47.15384615384615,175.17948717948718,2.5384615384615383
697,13,43,48.46153846153846,175.17948717948718,2.5384615384615383
698,13,44,48.23076923076923,175.17948717948718,2.5384615384615383
699,13,42,50.30769230769231,175.17948717948718,2.5384615384615383
700,13,42,50.07692307692308,175.17948717948718,2.5384615384615383
701,13,40,52.15384615384615,175.17948717948718,2.5384615384615383
702,13,40,52.69230769230769,175.17948717948718,2.5384615384615383
703,14,40,48.714285714285715,175.17948717948718,2.5
704,14,39,49.857142857142854,175.17948717948718,2.5
705,15,38,47.6,175.17948717948718,2.466666666666667
706,15,39,47.266666666666666,175.17948717948718,2.466666666666667
707,15,39,47.6,175.17948717948718,2.466666666666667
708,15,40,47.266666666666666,175.17948717948718,2.466666666666667
709,15,40,47.6,175.17948717948718,2.466666666666667
710,15,40,47.93333333333333,175.17948717948718,2.466666666666667
711,15,39,48.93333333333333,175.17948717948718,2.466666666666667
712,15,38,49.266666666666666,175.17948717948718,2.466666666666667
713,15,38,48.93333333333333,175.17948717948718,2.466666666666667
714,15,39,48.6,175.17948717948718,2.466666666666667
715,15,38,49.6,175.17948717948718,2.466666666666667
716,15,37,50.6,175.17948717948718,2.466666666666667
717,15,37,50.93333333333333,175.17948717948718,2.466666666666667
718,16,39,46.8125,175.17948717948718,2.4375
719,16,41,45.8125,175.17948717948718,2.4375
720,16,40,46.6875,175.17948717948718,2.4375
721,16,40,46.3125,175.17948717948718,2.4375
722,16,39,47.1875,175.17948717948718,2.4375
723,16,40,46.1875,175.17948717948718,2.4375
724,16,41,45.1875,175.17948717948718,2.4375
725,15,40,49.2,183.825,2.4
726,15,39,50.2,183.825,2.4
727,15,41,49.2,183.825,2.4
728,15,42,48.86666666666667,183.825,2.4
729,15,42,49.2,183.825,2.4
730,15,40,50.86666666666667,183.825,2.4
731,15,41,49.86666666666667,183.825,2.4
732,15,42,49.53333333333333,183.825,2.4
733,16,43,46.125,183.825,2.375
734,16,43,46.375,183.825,2.375
735,16,44,46.0,183.825,2.375
736,16,44,45.625,183.825,2.375
737,16,41,47.125,183.825,2.375
738,16,42,46.75,183.825,2.375
739,16,41,47.0,183.825,2.375
740,16,43,46.0,183.825,2.375
741,16,43,46.25,183.825,2.375
742,16,42,47.125,183.825,2.375
743,16,44,46.125,183.825,2.375
744,17,45,43.05882352941177,183.825,2.3529411764705883
745,17,44,43.8235294117647,183.825,2.3529411764705883
746,17,44,43.411764705882355,183.825,2.3529411764705883
747,17,43,44.1764705882353,183.825,2.3529411764705883
748,18,44,41.333333333333336,183.825,2.3333333333333335
749,18,44,41.44444444444444,183.825,2.3333333333333335
750,18,42,42.111111111111114,183.825,2.3333333333333335
751,18,41,42.22222222222222,183.825,2.3333333333333335
752,18,41,41.77777777777778,183.825,2.3333333333333335
753,18,40,41.888888888888886,183.825,2.3333333333333335
754,18,40,41.44444444444444,183.825,2.3333333333333335
755,18,37,43.22222222222222,183.825,2.3333333333333335
756,18,38,42.77777777777778,183.825,2.3333333333333335
757,19,39,40.10526315789474,183.825,2.3157894736842106
758,19,39,40.1578947368421,183.825,2.3157894736842106
759,19,40,39.68421052631579,183.825,2.3157894736842106
760,19,40,39.73684210526316,183.825,2.3157894736842106
761,19,38,40.8421052631579,183.825,2.3157894736842106
762,19,37,41.421052631578945,183.825,2.3157894736842106
763,19,38,40.94736842105263,183.825,2.3157894736842106
764,19,40,39.94736842105263,183.825,2.3157894736842106
765,19,39,40.526315789473685,183.825,2.3157894736842106
766,19,40,40.05263157894737,183.825,2.3157894736842106
767,19,39,40.63157894736842,183.825,2.3157894736842106
768,19,38,41.21052631578947,183.825,2.3157894736842106
769,19,39,40.73684210526316,183.825,2.3157894736842106
770,19,37,41.8421052631579,183.825,2.3157894736842106
771,19,38,41.36842105263158,183.825,2.3157894736842106
772,19,40,40.36842105263158,183.825,2.3157894736842106
773,19,40,39.89473684210526,183.825,2.3157894736842106
774,19,40,39.421052631578945,183.825,2.3157894736842106
775,19,41,38.421052631578945,183.825,2.3157894736842106
776,19,41,37.94736842105263,183.825,2.3157894736842106
777,18,40,40.166666666666664,180.78048780487805,2.4444444444444446
778,18,41,39.72222222222222,180.78048780487805,2.4444444444444446
779,18,41,39.833333333333336,180.78048780487805,2.4444444444444446
780,18,41,39.94444444444444,180.78048780487805,2.4444444444444446
781,18,40,40.05555555555556,180.78048780487805,2.4444444444444446
782,18,40,40.166666666666664,180.78048780487805,2.4444444444444446
783,18,38,40.833333333333336,180.78048780487805,2.4444444444444446
784,17,38,42.8235294117647,177.11904761904762,2.588235294117647
785,17,39,42.411764705882355,177.11904761904762,2.588235294117647
786,17,38,42.588235294117645,177.11904761904762,2.588235294117647
787,17,38,42.76470588235294,177.11904761904762,2.588235294117647
788,17,38,42.94117647058823,177.11904761904762,2.588235294117647
789,17,39,42.529411764705884,177.11904761904762,2.588235294117647
790,16,37,46.6875,190.09302325581396,2.3125
791,16,39,45.6875,190.09302325581396,2.3125
792,16,40,44.6875,190.09302325581396,2.3125
793,16,38,46.1875,190.09302325581396,2.3125
794,16,38,46.4375,190.09302325581396,2.3125
795,16,38,46.0625,190.09302325581396,2.3125
796,16,39,45.0625,190.09302325581396,2.3125
797,16,40,44.6875,190.09302325581396,2.3125
798,16,40,44.3125,190.09302325581396,2.3125
799,16,41,43.3125,190.09302325581396,2.3125
800,16,42,42.3125,190.09302325581396,2.3125
801,16,43,41.3125,190.09302325581396,2.3125
802,16,41,42.1875,190.09302325581396,2.3125
803,16,41,41.8125,190.09302325581396,2.3125
804,16,40,42.0625,190.09302325581396,2.3125
805,16,40,42.3125,190.09302325581396,2.3125
806,16,38,43.1875,190.09302325581396,2.3125
807,16,38,42.8125,190.09302325581396,2.3125
808,16,37,43.0625,190.09302325581396,2.3125
809,16,37,42.6875,190.09302325581396,2.3125
810,16,36,42.9375,190.09302325581396,2.3125
811,16,37,41.9375,190.09302325581396,2.3125
812,16,38,40.9375,190.09302325581396,2.3125
813,16,39,39.9375,190.09302325581396,2.3125
814,16,39,40.1875,190.09302325581396,2.3125
815,15,38,43.2,204.25,1.6
816,14,40,45.285714285714285,201.22222222222223,1.7142857142857142
817,14,40,45.0,201.22222222222223,1.7142857142857142
818,14,40,45.42857142857143,201.22222222222223,1.7142857142857142
819,14,41,44.42857142857143,201.22222222222223,1.7142857142857142
820,14,41,44.857142857142854,201.22222222222223,1.7142857142857142
821,14,40,46.0,201.22222222222223,1.7142857142857142
822,14,40,46.42857142857143,201.22222222222223,1.7142857142857142
823,14,41,46.142857142857146,201.22222222222223,1.7142857142857142
824,14,41,46.57142857142857,201.22222222222223,1.7142857142857142
825,14,40,47.0,201.22222222222223,1.7142857142857142
826,14,39,47.5,202.47826086956522,1.5
827,14,35,50.07142857142857,202.47826086956522,1.5
828,14,36,49.07142857142857,202.47826086956522,1.5
829,14,34,50.214285714285715,202.47826086956522,1.5
830,14,32,52.07142857142857,202.47826086956522,1.5
831,14,32,52.5,202.47826086956522,1.5
832,14,31,53.642857142857146,202.47826086956522,1.5
833,14,31,54.07142857142857,202.47826086956522,1.5
834,15,31,50.86666666666667,202.47826086956522,1.5333333333333334
835,15,31,51.2,202.47826086956522,1.5333333333333334
836,16,33,47.0625,202.47826086956522,1.5625
837,16,32,47.9375,202.47826086956522,1.5625
838,17,31,45.94117647058823,202.47826086956522,1.588235294117647
839,17,32,45.529411764705884,202.47826086956522,1.588235294117647
840,17,31,46.294117647058826,202.47826086956522,1.588235294117647
841,17,30,47.05882352941177,202.47826086956522,1.588235294117647
842,18,31,44.05555555555556,202.47826086956522,1.6111111111111112
843,18,30,44.72222222222222,202.47826086956522,1.6111111111111112
844,18,30,44.833333333333336,202.47826086956522,1.6111111111111112
845,18,30,44.94444444444444,202.47826086956522,1.6111111111111112
846,18,32,43.94444444444444,202.47826086956522,1.6111111111111112
847,18,31,44.05555555555556,202.47826086956522,1.6111111111111112
848,18,32,43.05555555555556,202.47826086956522,1.6111111111111112
849,18,31,43.166666666666664,202.47826086956522,1.6111111111111112
850,18,30,43.27777777777778,202.47826086956522,1.6111111111111112
851,18,30,43.388888888888886,202.47826086956522,1.6111111111111112
852,18,31,42.94444444444444,202.47826086956522,1.6111111111111112
853,18,31,43.05555555555556,202.47826086956522,1.6111111111111112
854,18,32,42.611111111111114,202.47826086956522,1.6111111111111112
855,18,32,42.72222222222222,202.47826086956522,1.6111111111111112
856,18,33,42.27777777777778,202.47826086956522,1.6111111111111112
857,18,32,42.94444444444444,202.47826086956522,1.6111111111111112
858,19,30,41.8421052631579,202.47826086956522,1.631578947368421
859,19,31,41.36842105263158,202.47826086956522,1.631578947368421
860,19,32,40.89473684210526,202.47826086956522,1.631578947368421
861,19,30,41.473684210526315,202.47826086956522,1.631578947368421
862,19,31,41.0,202.47826086956522,1.631578947368421
863,18,31,42.833333333333336,201.74468085106383,1.7222222222222223
864,18,32,42.388888888888886,201.74468085106383,1.7222222222222223
865,18,32,42.5,201.74468085106383,1.7222222222222223
866,18,32,42.611111111111114,201.74468085106383,1.7222222222222223
867,18,33,41.611111111111114,201.74468085106383,1.7222222222222223
868,18,33,41.166666666666664,201.74468085106383,1.7222222222222223
869,18,32,41.27777777777778,201.74468085106383,1.7222222222222223
870,18,31,41.388888888888886,201.74468085106383,1.7222222222222223
871,18,31,40.94444444444444,201.74468085106383,1.7222222222222223
872,18,31,41.05555555555556,201.74468085106383,1.7222222222222223
873,18,26,43.94444444444444,201.74468085106383,1.7222222222222223
874,18,26,44.05555555555556,201.74468085106383,1.7222222222222223
875,18,25,44.72222222222222,201.74468085106383,1.7222222222222223
876,18,26,44.27777777777778,201.74468085106383,1.7222222222222223
877,18,27,43.833333333333336,201.74468085106383,1.7222222222222223
878,18,26,44.5,201.74468085106383,1.7222222222222223
879,18,25,45.166666666666664,201.74468085106383,1.7222222222222223
880,18,27,44.166666666666664,201.74468085106383,1.7222222222222223
881,18,28,43.72222222222222,201.74468085106383,1.7222222222222223
882,18,28,43.833333333333336,201.74468085106383,1.7222222222222223
883,18,27,43.94444444444444,201.74468085106383,1.7222222222222223
884,18,28,43.5,201.74468085106383,1.7222222222222223
885,18,27,44.166666666666664,201.74468085106383,1.7222222222222223
886,19,29,40.89473684210526,201.74468085106383,1.736842105263158
887,19,30,40.421052631578945,201.74468085106383,1.736842105263158
888,18,30,42.22222222222222,198.625,1.8333333333333333
889,18,29,42.333333333333336,198.625,1.8333333333333333
890,18,30,41.333333333333336,198.625,1.8333333333333333
891,18,29,41.44444444444444,198.625,1.8333333333333333
892,18,30,40.44444444444444,198.625,1.8333333333333333
893,19,29,38.421052631578945,198.625,1.8421052631578947
894,19,30,37.94736842105263,198.625,1.8421052631578947
895,19,30,37.473684210526315,198.625,1.8421052631578947
896,18,29,39.666666666666664,198.51020408163265,1.9444444444444444
897,18,30,38.666666666666664,198.51020408163265,1.9444444444444444
898,18,30,38.22222222222222,198.51020408163265,1.9444444444444444
899,18,31,37.22222222222222,198.51020408163265,1.9444444444444444
900,18,32,36.22222222222222,198.51020408163265,1.9444444444444444
901,18,26,39.111111111111114,198.51020408163265,1.9444444444444444
902,18,28,38.111111111111114,198.51020408163265,1.9444444444444444
903,18,28,37.666666666666664,198.51020408163265,1.9444444444444444
904,18,28,37.22222222222222,198.51020408163265,1.9444444444444444
905,18,29,36.22222222222222,198.51020408163265,1.9444444444444444
906,18,31,35.22222222222222,198.51020408163265,1.9444444444444444
907,18,27,37.0,198.51020408163265,1.9444444444444444
908,18,27,36.55555555555556,198.51020408163265,1.9444444444444444
909,18,28,36.111111111111114,198.51020408163265,1.9444444444444444
910,18,28,36.22222222222222,198.51020408163265,1.9444444444444444
911,18,29,35.22222222222222,198.51020408163265,1.9444444444444444
912,17,30,36.294117647058826,204.18,1.7058823529411764
913,17,30,35.88235294117647,204.18,1.7058823529411764
914,17,30,36.05882352941177,204.18,1.7058823529411764
915,17,30,35.64705882352941,204.18,1.7058823529411764
916,17,30,35.8235294117647,204.18,1.7058823529411764
917,17,28,36.588235294117645,204.18,1.7058823529411764
918,17,27,36.76470588235294,204.18,1.7058823529411764
919,17,26,36.94117647058823,204.18,1.7058823529411764
920,17,27,35.94117647058823,204.18,1.7058823529411764
921,17,28,34.94117647058823,204.18,1.7058823529411764
922,17,29,33.94117647058823,204.18,1.7058823529411764
923,16,28,36.3125,203.68627450980392,1.8125
924,16,27,36.5625,203.68627450980392,1.8125
925,16,26,36.8125,203.68627450980392,1.8125
926,16,27,35.8125,203.68627450980392,1.8125
927,16,28,35.4375,203.68627450980392,1.8125
928,16,29,35.0625,203.68627450980392,1.8125
929,16,30,34.6875,203.68627450980392,1.8125
930,16,29,35.5625,203.68627450980392,1.8125
931,15,29,37.6,213.21153846153845,1.8
932,15,29,37.266666666666666,213.21153846153845,1.8
933,15,30,36.93333333333333,213.21153846153845,1.8
934,15,30,36.6,213.21153846153845,1.8
935,15,31,35.6,213.21153846153845,1.8
936,15,31,35.266666666666666,213.21153846153845,1.8
937,15,32,34.266666666666666,213.21153846153845,1.8
938,15,33,33.93333333333333,213.21153846153845,1.8
939,15,34,32.93333333333333,213.21153846153845,1.8
940,15,33,33.93333333333333,213.21153846153845,1.8
941,15,30,35.6,213.21153846153845,1.8
942,15,28,36.6,213.21153846153845,1.8
943,15,30,35.6,213.21153846153845,1.8
944,15,30,35.266666666666666,213.21153846153845,1.8
945,14,28,38.92857142857143,211.20754716981133,1.8571428571428572
946,14,28,38.642857142857146,211.20754716981133,1.8571428571428572
947,14,27,39.07142857142857,211.20754716981133,1.8571428571428572
948,14,27,38.785714285714285,211.20754716981133,1.8571428571428572
949,14,25,39.92857142857143,211.20754716981133,1.8571428571428572
950,14,23,41.785714285714285,211.20754716981133,1.8571428571428572
951,14,23,41.5,211.20754716981133,1.8571428571428572
952,14,24,40.5,211.20754716981133,1.8571428571428572
953,13,25,42.61538461538461,217.2037037037037,1.4615384615384615
954,13,26,41.61538461538461,217.2037037037037,1.4615384615384615
955,13,27,40.61538461538461,217.2037037037037,1.4615384615384615
956,13,27,40.38461538461539,217.2037037037037,1.4615384615384615
957,13,27,40.92307692307692,217.2037037037037,1.4615384615384615
958,12,28,43.333333333333336,215.5090909090909,1.5833333333333333
959,12,29,42.333333333333336,215.5090909090909,1.5833333333333333
960,12,28,43.833333333333336,215.5090909090909,1.5833333333333333
961,12,28,43.666666666666664,215.5090909090909,1.5833333333333333
962,11,28,47.54545454545455,213.01785714285714,1.7272727272727273
963,11,28,47.45454545454545,213.01785714285714,1.7272727272727273
964,11,27,48.27272727272727,213.01785714285714,1.7272727272727273
965,11,28,47.27272727272727,213.01785714285714,1.7272727272727273
966,11,27,48.09090909090909,213.01785714285714,1.7272727272727273
967,11,29,47.09090909090909,213.01785714285714,1.7272727272727273
968,11,29,47.90909090909091,213.01785714285714,1.7272727272727273
969,11,29,47.81818181818182,213.01785714285714,1.7272727272727273
970,11,29,47.72727272727273,213.01785714285714,1.7272727272727273
971,11,29,48.54545454545455,213.01785714285714,1.7272727272727273
972,11,28,50.27272727272727,213.01785714285714,1.7272727272727273
973,11,29,50.18181818181818,213.01785714285714,1.7272727272727273
974,11,28,51.90909090909091,213.01785714285714,1.7272727272727273
975,11,28,52.72727272727273,213.01785714285714,1.7272727272727273
976,11,30,51.72727272727273,213.01785714285714,1.7272727272727273
977,11,31,51.63636363636363,213.01785714285714,1.7272727272727273
978,11,33,50.63636363636363,213.01785714285714,1.7272727272727273
979,11,34,50.54545454545455,213.01785714285714,1.7272727272727273
980,11,35,50.45454545454545,213.01785714285714,1.7272727272727273
981,11,35,51.27272727272727,213.01785714285714,1.7272727272727273
982,11,34,52.09090909090909,213.01785714285714,1.7272727272727273
983,11,33,52.90909090909091,213.01785714285714,1.7272727272727273
984,11,33,52.81818181818182,213.01785714285714,1.7272727272727273
985,11,33,53.63636363636363,213.01785714285714,1.7272727272727273
986,11,35,52.63636363636363,213.01785714285714,1.7272727272727273
987,10,36,56.9,210.9298245614035,1.9
988,9,38,62.22222222222222,212.17241379310346,1.8888888888888888
989,9,38,62.333333333333336,212.17241379310346,1.8888888888888888
990,9,37,63.55555555555556,212.17241379310346,1.8888888888888888
991,9,36,64.77777777777777,212.17241379310346,1.8888888888888888
992,9,36,64.88888888888889,212.17241379310346,1.8888888888888888
993,9,36,65.0,212.17241379310346,1.8888888888888888
994,9,36,65.11111111111111,212.17241379310346,1.8888888888888888
995,8,36,73.5,214.3050847457627,1.875
996,8,37,72.5,214.3050847457627,1.875
997,8,36,74.0,214.3050847457627,1.875
998,8,36,75.5,214.3050847457627,1.875
999,8,37,75.75,214.3050847457627,1.875
1000,8,38,74.75,214.3050847457627,1.875
1001,8,39,73.75,214.3050847457627,1.875
1002,8,41,72.75,214.3050847457627,1.875
1003,8,42,71.75,214.3050847457627,1.875
1004,8,40,74.5,214.3050847457627,1.875
1005,8,40,76.0,214.3050847457627,1.875
1006,8,41,76.25,214.3050847457627,1.875
1007,8,40,77.75,214.3050847457627,1.875
1008,8,40,78.0,214.3050847457627,1.875
1009,8,41,77.0,214.3050847457627,1.875
1010,8,41,77.25,214.3050847457627,1.875
1011,8,42,76.25,214.3050847457627,1.875
1012,8,43,75.25,214.3050847457627,1.875
1013,8,44,74.25,214.3050847457627,1.875
1014,8,44,74.5,214.3050847457627,1.875
1015,8,43,77.25,214.3050847457627,1.875
1016,8,42,78.75,214.3050847457627,1.875
1017,8,41,81.5,214.3050847457627,1.875
1018,8,40,84.25,214.3050847457627,1.875
1019,8,41,84.5,214.3050847457627,1.875
1020,8,41,86.0,214.3050847457627,1.875
1021,8,42,86.25,214.3050847457627,1.875
1022,8,43,86.5,214.3050847457627,1.875
1023,8,43,86.75,214.3050847457627,1.875
1024,8,44,85.75,214.3050847457627,1.875
1025,8,45,86.0,214.3050847457627,1.875
1026,8,45,87.5,214.3050847457627,1.875
1027,8,45,87.75,214.3050847457627,1.875
1028,8,47,86.75,214.3050847457627,1.875
1029,8,46,88.25,214.3050847457627,1.875
1030,8,46,88.5,214.3050847457627,1.875
1031,8,47,88.75,214.3050847457627,1.875
1032,8,46,90.25,214.3050847457627,1.875
1033,8,46,91.75,214.3050847457627,1.875
1034,8,46,93.25,214.3050847457627,1.875
1035,8,45,96.0,214.3050847457627,1.875
1036,8,44,98.75,214.3050847457627,1.875
1037,8,46,97.75,214.3050847457627,1.875
1038,9,46,88.22222222222223,214.3050847457627,1.8888888888888888
1039,9,47,88.33333333333333,214.3050847457627,1.8888888888888888
1040,9,47,88.44444444444444,214.3050847457627,1.8888888888888888
1041,9,47,88.55555555555556,214.3050847457627,1.8888888888888888
1042,9,46,89.77777777777777,214.3050847457627,1.8888888888888888
1043,9,45,91.0,214.3050847457627,1.8888888888888888
1044,9,44,92.22222222222223,214.3050847457627,1.8888888888888888
1045,9,44,92.33333333333333,214.3050847457627,1.8888888888888888
1046,9,44,92.44444444444444,214.3050847457627,1.8888888888888888
1047,9,43,93.66666666666667,214.3050847457627,1.8888888888888888
1048,9,43,93.77777777777777,214.3050847457627,1.8888888888888888
1049,10,44,83.5,214.3050847457627,1.9
1050,10,45,82.5,214.3050847457627,1.9
1051,10,43,84.5,214.3050847457627,1.9
1052,11,44,75.9090909090909,214.3050847457627,1.9090909090909092
1053,12,44,70.33333333333333,214.3050847457627,1.9166666666666667
1054,12,44,71.0,214.3050847457627,1.9166666666666667
1055,13,45,64.61538461538461,214.3050847457627,1.9230769230769231
1056,13,46,63.61538461538461,214.3050847457627,1.9230769230769231
1057,14,44,60.285714285714285,214.3050847457627,1.9285714285714286
1058,14,45,59.285714285714285,214.3050847457627,1.9285714285714286
1059,14,45,59.0,214.3050847457627,1.9285714285714286
1060,14,44,60.142857142857146,214.3050847457627,1.9285714285714286
1061,14,44,60.57142857142857,214.3050847457627,1.9285714285714286
1062,14,42,61.714285714285715,214.3050847457627,1.9285714285714286
1063,14,42,62.142857142857146,214.3050847457627,1.9285714285714286
1064,14,41,62.57142857142857,214.3050847457627,1.9285714285714286
1065,14,40,63.0,214.3050847457627,1.9285714285714286
1066,14,39,63.42857142857143,214.3050847457627,1.9285714285714286
1067,14,40,63.142857142857146,214.3050847457627,1.9285714285714286
1068,14,41,62.142857142857146,214.3050847457627,1.9285714285714286
1069,14,41,61.857142857142854,214.3050847457627,1.9285714285714286
1070,14,41,62.285714285714285,214.3050847457627,1.9285714285714286
1071,14,41,62.0,214.3050847457627,1.9285714285714286
1072,14,42,61.0,214.3050847457627,1.9285714285714286
1073,14,42,60.714285714285715,214.3050847457627,1.9285714285714286
1074,14,40,61.857142857142854,214.3050847457627,1.9285714285714286
1075,14,41,61.57142857142857,214.3050847457627,1.9285714285714286
1076,14,41,62.0,214.3050847457627,1.9285714285714286
1077,14,41,62.42857142857143,214.3050847457627,1.9285714285714286
1078,14,39,64.28571428571429,214.3050847457627,1.9285714285714286
1079,14,40,64.0,214.3050847457627,1.9285714285714286
1080,14,39,64.42857142857143,214.3050847457627,1.9285714285714286
1081,14,40,63.42857142857143,214.3050847457627,1.9285714285714286
1082,14,40,63.857142857142854,214.3050847457627,1.9285714285714286
1083,14,42,62.857142857142854,214.3050847457627,1.9285714285714286
1084,14,41,64.0,214.3050847457627,1.9285714285714286
1085,14,41,64.42857142857143,214.3050847457627,1.9285714285714286
1086,14,42,64.14285714285714,214.3050847457627,1.9285714285714286
1087,14,42,63.857142857142854,214.3050847457627,1.9285714285714286
1088,14,42,63.57142857142857,214.3050847457627,1.9285714285714286
1089,14,43,63.285714285714285,214.3050847457627,1.9285714285714286
1090,14,43,63.714285714285715,214.3050847457627,1.9285714285714286
1091,14,44,63.42857142857143,214.3050847457627,1.9285714285714286
1092,14,43,64.57142857142857,214.3050847457627,1.9285714285714286
1093,14,43,65.0,214.3050847457627,1.9285714285714286
1094,14,44,64.0,214.3050847457627,1.9285714285714286
1095,14,41,65.85714285714286,214.3050847457627,1.9285714285714286
1096,14,42,64.85714285714286,214.3050847457627,1.9285714285714286
1097,14,41,66.0,214.3050847457627,1.9285714285714286
1098,14,41,66.42857142857143,214.3050847457627,1.9285714285714286
1099,14,41,66.85714285714286,214.3050847457627,1.9285714285714286
1100,14,40,68.0,214.3050847457627,1.9285714285714286
1101,14,40,68.42857142857143,214.3050847457627,1.9285714285714286
1102,14,40,68.85714285714286,214.3050847457627,1.9285714285714286
1103,14,41,68.57142857142857,214.3050847457627,1.9285714285714286
1104,14,42,68.28571428571429,214.3050847457627,1.9285714285714286
1105,14,41,68.71428571428571,214.3050847457627,1.9285714285714286
1106,14,40,69.85714285714286,214.3050847457627,1.9285714285714286
1107,15,39,66.26666666666667,214.3050847457627,1.9333333333333333
1108,15,40,65.93333333333334,214.3050847457627,1.9333333333333333
1109,16,40,62.125,214.3050847457627,1.9375
1110,16,41,61.75,214.3050847457627,1.9375
1111,16,42,61.375,214.3050847457627,1.9375
1112,16,39,63.5,214.3050847457627,1.9375
1113,16,39,63.75,214.3050847457627,1.9375
1114,16,39,64.0,214.3050847457627,1.9375
1115,16,36,66.125,214.3050847457627,1.9375
1116,16,36,66.375,214.3050847457627,1.9375
1117,16,37,66.0,214.3050847457627,1.9375
1118,16,39,65.0,214.3050847457627,1.9375
1119,16,37,66.5,214.3050847457627,1.9375
1120,16,36,67.375,214.3050847457627,1.9375
1121,16,36,67.0,214.3050847457627,1.9375
1122,15,35,71.8,217.21666666666667,2.0
1123,15,34,72.13333333333334,217.21666666666667,2.0
1124,15,34,71.8,217.21666666666667,2.0
1125,15,33,72.8,217.21666666666667,2.0
1126,15,34,72.46666666666667,217.21666666666667,2.0
1127,15,32,74.13333333333334,217.21666666666667,2.0
1128,15,33,73.13333333333334,217.21666666666667,2.0
1129,15,33,72.8,217.21666666666667,2.0
1130,15,34,71.8,217.21666666666667,2.0
1131,15,34,72.13333333333334,217.21666666666667,2.0
1132,16,36,66.6875,217.21666666666667,2.0
1133,16,36,66.9375,217.21666666666667,2.0
1134,17,37,62.05882352941177,217.21666666666667,2.0
1135,17,37,61.64705882352941,217.21666666666667,2.0
1136,17,34,63.0,217.21666666666667,2.0
1137,17,35,62.0,217.21666666666667,2.0
1138,17,35,61.588235294117645,217.21666666666667,2.0
1139,17,36,60.588235294117645,217.21666666666667,2.0
1140,17,37,59.588235294117645,217.21666666666667,2.0
1141,17,37,59.1764705882353,217.21666666666667,2.0
1142,17,36,59.35294117647059,217.21666666666667,2.0
1143,18,37,55.111111111111114,217.21666666666667,2.0
1144,19,37,51.78947368421053,217.21666666666667,2.0
1145,19,37,51.8421052631579,217.21666666666667,2.0
1146,20,37,49.3,217.21666666666667,2.0
1147,20,37,49.3,217.21666666666667,2.0
1148,20,35,50.3,217.21666666666667,2.0
1149,20,36,49.8,217.21666666666667,2.0
1150,20,35,50.3,217.21666666666667,2.0
1151,21,35,47.904761904761905,217.21666666666667,2.0
1152,21,34,48.333333333333336,217.21666666666667,2.0
1153,21,34,48.285714285714285,217.21666666666667,2.0
1154,21,34,48.23809523809524,217.21666666666667,2.0
1155,21,33,48.19047619047619,217.21666666666667,2.0
1156,22,32,46.40909090909091,217.21666666666667,2.0
1157,22,31,46.77272727272727,217.21666666666667,2.0
1158,22,32,46.22727272727273,217.21666666666667,2.0
1159,22,33,45.68181818181818,217.21666666666667,2.0
1160,22,33,45.59090909090909,217.21666666666667,2.0
1161,22,32,45.95454545454545,217.21666666666667,2.0
1162,22,33,45.40909090909091,217.21666666666667,2.0
1163,22,32,45.31818181818182,217.21666666666667,2.0
1164,22,32,44.77272727272727,217.21666666666667,2.0
1165,22,29,46.04545454545455,217.21666666666667,2.0
1166,22,27,46.86363636363637,217.21666666666667,2.0
1167,23,27,44.73913043478261,217.21666666666667,2.0
1168,23,26,45.04347826086956,217.21666666666667,2.0
1169,23,27,44.47826086956522,217.21666666666667,2.0
1170,23,26,44.78260869565217,217.21666666666667,2.0
1171,23,28,43.78260869565217,217.21666666666667,2.0
1172,23,29,43.21739130434783,217.21666666666667,2.0
1173,23,28,43.08695652173913,217.21666666666667,2.0
1174,23,27,43.391304347826086,217.21666666666667,2.0
1175,23,26,43.69565217391305,217.21666666666667,2.0
1176,23,27,43.130434782608695,217.21666666666667,2.0
1177,23,28,42.56521739130435,217.21666666666667,2.0
1178,23,30,41.56521739130435,217.21666666666667,2.0
1179,22,30,43.36363636363637,214.24590163934425,2.090909090909091
1180,21,30,44.904761904761905,215.98387096774192,2.0
1181,22,30,42.81818181818182,215.98387096774192,2.0
1182,22,30,42.27272727272727,215.98387096774192,2.0
1183,23,29,40.78260869565217,215.98387096774192,2.0
1184,23,31,39.78260869565217,215.98387096774192,2.0
1185,24,32,37.166666666666664,215.98387096774192,2.0
1186,24,32,37.0,215.98387096774192,2.0
1187,24,31,36.833333333333336,215.98387096774192,2.0
1188,24,30,36.666666666666664,215.98387096774192,2.0
1189,24,29,36.5,215.98387096774192,2.0
1190,24,30,35.916666666666664,215.98387096774192,2.0
1191,25,28,35.12,215.98387096774192,2.0
1192,25,24,36.12,215.98387096774192,2.0
1193,25,25,35.52,215.98387096774192,2.0
1194,25,24,35.72,215.98387096774192,2.0
1195,25,23,35.52,215.98387096774192,2.0
1196,25,24,34.52,215.98387096774192,2.0
1197,25,24,34.32,215.98387096774192,2.0
1198,25,24,34.12,215.98387096774192,2.0
1199,24,24,34.958333333333336,222.22222222222223,1.875
1200,23,25,35.91304347826087,221.109375,1.9130434782608696
1201,24,27,33.458333333333336,221.109375,1.9166666666666667
1202,24,25,34.125,221.109375,1.9166666666666667
1203,24,25,33.958333333333336,221.109375,1.9166666666666667
1204,24,24,34.208333333333336,221.109375,1.9166666666666667
1205,24,25,33.208333333333336,221.109375,1.9166666666666667
1206,24,25,32.625,221.109375,1.9166666666666667
1207,23,26,33.47826086956522,220.09230769230768,1.9565217391304348
1208,24,28,31.125,220.09230769230768,1.9583333333333333
1209,24,28,30.958333333333332,220.09230769230768,1.9583333333333333
1210,24,29,30.375,220.09230769230768,1.9583333333333333
1211,24,28,30.208333333333332,220.09230769230768,1.9583333333333333
1212,24,26,30.458333333333332,220.09230769230768,1.9583333333333333
1213,24,25,30.291666666666668,220.09230769230768,1.9583333333333333
1214,24,26,29.708333333333332,220.09230769230768,1.9583333333333333
1215,24,26,29.541666666666668,220.09230769230768,1.9583333333333333
1216,24,27,28.958333333333332,220.09230769230768,1.9583333333333333
1217,24,27,28.791666666666668,220.09230769230768,1.9583333333333333
1218,24,26,29.041666666666668,220.09230769230768,1.9583333333333333
1219,24,27,28.458333333333332,220.09230769230768,1.9583333333333333
1220,24,27,28.291666666666668,220.09230769230768,1.9583333333333333
1221,24,28,27.708333333333332,220.09230769230768,1.9583333333333333
1222,24,28,27.125,220.09230769230768,1.9583333333333333
1223,23,27,28.608695652173914,222.53030303030303,1.9565217391304348
1224,23,24,29.782608695652176,222.53030303030303,1.9565217391304348
1225,23,24,29.652173913043477,222.53030303030303,1.9565217391304348
1226,23,22,30.391304347826086,222.53030303030303,1.9565217391304348
1227,24,24,28.166666666666668,222.53030303030303,1.9583333333333333
1228,24,24,28.0,222.53030303030303,1.9583333333333333
1229,24,23,28.25,222.53030303030303,1.9583333333333333
1230,24,24,27.666666666666668,222.53030303030303,1.9583333333333333
1231,23,25,28.304347826086957,220.47761194029852,2.0
1232,23,25,28.17391304347826,220.47761194029852,2.0
1233,21,24,30.80952380952381,218.46376811594203,2.142857142857143
1234,21,23,30.761904761904763,218.46376811594203,2.142857142857143
1235,21,25,29.761904761904763,218.46376811594203,2.142857142857143
1236,21,24,29.714285714285715,218.46376811594203,2.142857142857143
1237,20,25,30.2,216.14285714285714,2.25
1238,19,26,31.31578947368421,214.94366197183098,2.3684210526315788
1239,19,24,31.894736842105264,214.94366197183098,2.3684210526315788
1240,19,24,31.42105263157895,214.94366197183098,2.3684210526315788
1241,19,25,30.94736842105263,214.94366197183098,2.3684210526315788
1242,19,26,29.94736842105263,214.94366197183098,2.3684210526315788
1243,18,26,31.166666666666668,220.08333333333334,2.0555555555555554
1244,19,26,29.63157894736842,220.08333333333334,2.0526315789473686
1245,19,27,28.63157894736842,220.08333333333334,2.0526315789473686
1246,19,27,28.157894736842106,220.08333333333334,2.0526315789473686
1247,19,26,28.210526315789473,220.08333333333334,2.0526315789473686
1248,19,26,27.736842105263158,220.08333333333334,2.0526315789473686
1249,19,26,27.789473684210527,220.08333333333334,2.0526315789473686
1250,18,27,28.333333333333332,218.5205479452055,2.111111111111111
1251,17,27,29.58823529411765,216.7027027027027,2.176470588235294
1252,17,28,28.58823529411765,216.7027027027027,2.176470588235294
1253,17,29,27.58823529411765,216.7027027027027,2.176470588235294
1254,16,28,29.5625,219.52,1.75
1255,16,27,29.8125,219.52,1.75
1256,16,27,29.4375,219.52,1.75
1257,16,27,29.0625,219.52,1.75
1258,16,27,28.6875,219.52,1.75
1259,16,28,27.6875,219.52,1.75
1260,15,28,29.2,219.35526315789474,1.8
1261,15,29,28.2,219.35526315789474,1.8
1262,14,28,30.642857142857142,217.5064935064935,1.9285714285714286
1263,14,28,30.357142857142858,217.5064935064935,1.9285714285714286
1264,13,29,31.692307692307693,216.3846153846154,1.9230769230769231
1265,13,30,30.692307692307693,216.3846153846154,1.9230769230769231
1266,13,30,30.46153846153846,216.3846153846154,1.9230769230769231
1267,13,31,30.23076923076923,216.3846153846154,1.9230769230769231
1268,13,31,30.0,216.3846153846154,1.9230769230769231
1269,13,32,29.0,216.3846153846154,1.9230769230769231
1270,13,32,29.53846153846154,216.3846153846154,1.9230769230769231
1271,13,31,30.846153846153847,216.3846153846154,1.9230769230769231
1272,12,32,33.25,214.54430379746836,2.0833333333333335
1273,11,33,36.18181818181818,213.325,2.272727272727273
1274,11,33,37.0,213.325,2.272727272727273
1275,11,33,37.81818181818182,213.325,2.272727272727273
1276,11,35,36.81818181818182,213.325,2.272727272727273
1277,11,35,36.72727272727273,213.325,2.272727272727273
1278,11,35,36.63636363636363,213.325,2.272727272727273
1279,11,36,36.54545454545455,213.325,2.272727272727273
1280,11,37,35.54545454545455,213.325,2.272727272727273
1281,11,35,37.27272727272727,213.325,2.272727272727273
1282,11,34,38.09090909090909,213.325,2.272727272727273
1283,11,32,39.81818181818182,213.325,2.272727272727273
1284,11,33,38.81818181818182,213.325,2.272727272727273
1285,11,32,40.54545454545455,213.325,2.272727272727273
1286,11,33,40.45454545454545,213.325,2.272727272727273
1287,11,32,42.18181818181818,213.325,2.272727272727273
1288,11,33,41.18181818181818,213.325,2.272727272727273
1289,11,33,42.0,213.325,2.272727272727273
1290,11,34,41.0,213.325,2.272727272727273
1291,11,35,40.0,213.325,2.272727272727273
1292,11,36,39.90909090909091,213.325,2.272727272727273
1293,11,35,41.63636363636363,213.325,2.272727272727273
1294,11,36,41.54545454545455,213.325,2.272727272727273
1295,11,36,41.45454545454545,213.325,2.272727272727273
1296,11,37,41.36363636363637,213.325,2.272727272727273
1297,11,37,42.18181818181818,213.325,2.272727272727273
1298,11,37,43.0,213.325,2.272727272727273
1299,11,35,44.72727272727273,213.325,2.272727272727273
1300,12,35,41.75,213.325,2.25
1301,12,35,42.416666666666664,213.325,2.25
1302,12,35,42.25,213.325,2.25
1303,12,34,42.916666666666664,213.325,2.25
1304,12,36,41.916666666666664,213.325,2.25
1305,12,35,42.583333333333336,213.325,2.25
1306,12,35,42.416666666666664,213.325,2.25
1307,12,34,43.083333333333336,213.325,2.25
1308,12,33,43.75,213.325,2.25
1309,12,34,42.75,213.325,2.25
1310,12,34,42.583333333333336,213.325,2.25
1311,12,33,43.25,213.325,2.25
1312,12,32,43.916666666666664,213.325,2.25
1313,12,33,43.75,213.325,2.25
1314,12,33,43.583333333333336,213.325,2.25
1315,12,34,42.583333333333336,213.325,2.25
1316,12,34,42.416666666666664,213.325,2.25
1317,12,35,42.25,213.325,2.25
1318,12,36,41.25,213.325,2.25
1319,12,36,41.083333333333336,213.325,2.25
1320,12,36,41.75,213.325,2.25
1321,12,37,41.583333333333336,213.325,2.25
1322,12,37,42.25,213.325,2.25
1323,12,37,42.916666666666664,213.325,2.25
1324,12,36,43.583333333333336,213.325,2.25
1325,12,36,43.416666666666664,213.325,2.25
1326,12,36,44.083333333333336,213.325,2.25
1327,12,36,43.916666666666664,213.325,2.25
1328,12,37,43.75,213.325,2.25
1329,12,36,44.416666666666664,213.325,2.25
1330,12,36,45.083333333333336,213.325,2.25
1331,12,37,44.916666666666664,213.325,2.25
1332,12,37,44.75,213.325,2.25
1333,12,37,45.416666666666664,213.325,2.25
1334,12,38,44.416666666666664,213.325,2.25
1335,12,38,44.25,213.325,2.25
1336,12,39,43.25,213.325,2.25
1337,12,39,43.083333333333336,213.325,2.25
1338,12,39,42.916666666666664,213.325,2.25
1339,12,37,45.25,213.325,2.25
All,15.14488424197162,38.10978342046303,47.81953090667766,151.73325692140304,1.784052439940464
